FP1,FP2,F7,F8,AF1,AF2,FZ,F4,F3,FC6,FC5,FC2,FC1,T8,T7,CZ,C3,C4,CP5,CP6,CP1,CP2,P3,P4,PZ,P8,P7,PO2,PO1,O2,O1,X,AF7,AF8,F5,F6,FT7,FT8,FPZ,FC4,FC3,C6,C5,F2,F1,TP8,TP7,AFZ,CP3,CP4,P5,P6,C1,C2,PO7,PO8,FCZ,POZ,OZ,P2,P1,CPZ,nd,Y
4.878214285410433e-133,3.2835114241892422e-09,3.858309953322108e-12,1.926543051379079e-06,0.032278979938315744,5.783375219198579e-10,0.08163487781376476,7.160367121223561e-15,6.238455575475277e-13,3.7707356141831036e-10,7.877221339609472e-06,5.399832644634995e-07,1.8358897964542527e-16,6.6441169281745346e-06,0.008938706297394875,1.2492342617756388e-08,0.05955563166250361,0.37764011206349024,0.6556902641514559,0.7908394891656501,0.08393379927835992,0.017611586704845437,1.6683851462674232e-06,0.0003100156565906644,1.335531021392063e-07,0.0004666029158696306,2.8844172392883775e-05,2.6597788112675533e-09,1.308741236601777e-05,4.5283340968927124e-05,6.115362096449322e-05,0.016610592020914916,1.1562816988933895e-27,8.882877537278686e-17,1.0932963282763341e-16,4.1573595789883197e-13,1.0154394217510877e-09,1.0073120128602085e-15,2.8356398520899715e-19,1.1085080190924304e-11,3.698323410856173e-13,0.00030544740358391784,1.2172783839454352e-10,0.0032398313134468495,7.50579031261852e-07,0.022342001454338484,0.00038833137977781706,0.11127214681793887,0.00024588164913425724,0.05442159704637349,0.0002037425778538704,0.0008640018766922605,0.16245329759089358,0.357627877778497,0.4704892184615892,0.372032389833748,0.01736904558987874,8.770188632960181e-07,8.64374107005718e-06,7.193433890917196e-05,2.2265376643622504e-05,0.040631628827956186,8.440212183986455e-08,0.0001933656387068847
0.4977363826665012,5.343871990632058e-133,0.00668877712678571,6.725325596676706e-05,0.04476493274050666,3.639459550020061e-14,0.0034968287004056037,9.15754256407962e-18,2.2361546503280858e-08,3.347401680227383e-09,0.0002645708466009981,6.031461525931609e-09,4.5988244901030966e-08,0.1296678775642506,8.186064984304112e-06,0.0031111104615061226,0.09648790350147113,0.5537564291672621,0.43271165919734045,0.946109298806131,0.4204709457695096,0.19111823808675665,0.0006769326563348896,0.004691547282300929,0.0014917732880838067,0.052793479102839644,2.4954341533133838e-05,0.0009350198320544575,0.0064088564534221515,0.0031939546621136297,0.002102339481226863,0.9551282277003227,6.286995174132905e-10,2.4353361155680186e-11,1.322836378425241e-07,7.089067741079802e-12,8.24275394403922e-06,1.5593281043234924e-09,1.1980766848831059e-06,3.167771943788959e-10,3.0719160212640696e-05,0.0002573285861578234,0.0006721415012072876,4.395806848505475e-08,4.020838887010404e-05,0.5971127057275636,0.000657089082640389,0.009250789454425767,0.07900078659695269,0.08059212965790834,0.00035212995576762093,0.011489950518581437,0.40098408364290605,0.6406322073672963,0.6539475894486448,0.3617366458787689,0.01743793943342797,0.0007984309649450327,0.0020404096653357903,0.0034659893065534745,0.0060639553905481374,0.0833116913669233,0.5597361716338719,0.015336377531478965
0.044316460960027816,0.767674216885909,1.043238642566639e-125,0.01745839175878355,0.5020330766315088,6.821640484434973e-05,0.07552630069996341,7.125143943910152e-05,3.6943012367299223e-09,5.421485670664132e-07,0.002959943273466414,0.0020404348024487956,3.763533847886229e-12,0.617071700179252,0.004183124251079163,0.0004297461846486557,0.5313500802857898,0.1672063220135379,0.1891900629962559,0.5439519042813583,0.2189150110036552,0.0030358276116916522,0.02325204052872352,1.3573976322626523e-05,9.191682111947353e-07,3.328274217230211e-05,7.3715953968952195e-06,1.135382882436005e-08,0.00010805538881217928,0.00013299860563162523,0.0001235344210047194,0.07675271357175327,1.9112209978074924e-06,1.1347139551485383e-06,1.1171116430872788e-07,4.5253680176713645e-09,8.041185955288553e-06,0.00026244370262358356,0.00472208604530513,0.09252282628132566,1.6431483032131405e-10,0.1798796032260276,0.0002460423838762889,0.27425062376029535,2.224404236320731e-05,0.4234918968533423,0.00021170667136537102,0.021966063162157223,0.19852420242852423,0.019837899487359242,0.07422569620920733,0.00042106890238108633,0.522472520876044,0.2604520774025008,0.6773735197475648,0.20736242709916755,0.005918507650980845,2.7387081627051353e-06,1.0860977216243808e-05,6.658112575720665e-06,0.000117280776372925,0.0028424356918476347,0.023896589456194484,0.11263335571044984
0.09423164174569724,0.9287888771220755,0.013030918777119897,5.711083248718332e-136,0.0018006707885332093,0.07463589958869267,1.8178599284337803e-06,4.0167090604538077e-05,0.02907052573376754,0.14104781666180705,0.007316063421368601,0.04787324984950577,0.000576938617489687,0.00017611920770291056,0.011551051222085457,0.0010234174287465834,0.8744051908525355,0.6254601369024166,0.4904762455831758,0.8448568355176479,0.018332754482467288,0.06532533551774274,0.0003910140992094523,0.03151571487512339,0.049429130238405304,0.35336134012834,0.08236118498143884,0.05598452244921948,0.0383952387979931,0.07648550449566972,0.07159179777733955,0.00064529136452706,0.5913374915372438,0.23191175069443154,0.0008243542235793277,0.0010130919826205947,0.879211490524014,0.00041318629853929627,0.0036609995099744865,4.214126338331642e-05,0.005808929085912578,0.09777333654721404,0.07414764608576316,0.06438846645802304,5.759958223955646e-05,0.05077983299005582,5.2766011677185595e-05,0.0001608741281347739,0.0037988619463829765,0.014881174426766895,0.009405048830824738,0.020797400317696026,0.9240520355753763,0.8868780338592085,0.6472989719254031,0.840785349578832,0.0012825460602472287,0.05656271599245746,0.0665584648521961,0.06260972977948714,0.009135508617609242,0.2832143123718622,0.22451111884488092,0.9289259449163002
9.045397935018112e-05,2.8381431474286777e-10,4.905167202894206e-08,7.882030487924178e-08,6.657714601163122e-135,2.8281579863066045e-11,0.1166632521947155,3.532370208202721e-17,9.72191578476919e-11,6.298474108304292e-12,0.000390543575581862,3.1671259863782175e-09,1.2621776800282509e-17,0.00011349907469340994,0.15706589793513356,0.07177750718590202,0.028998416921445853,0.39340030945965354,0.7270813454415166,0.9702741788984153,0.33695669631505254,0.054462439897607524,0.00014948371211646807,0.0007251288052858364,7.492432101928668e-05,0.0014958660074668273,0.0009208464462229346,2.591346538498534e-06,0.0002173323322015673,8.8865223874391e-05,0.0001025821792677923,0.2933399716056845,1.5567995242952624e-11,9.875775128967248e-11,1.319450980718498e-09,4.979492441702593e-16,3.3303200413985904e-07,7.591569621951585e-10,7.0492703785950894e-15,1.109071371773114e-14,1.5576798926461984e-09,0.005628984472146316,2.9534446527884054e-05,0.0003784053012831003,0.0002805286761640265,0.06595886515379491,0.01065817742979719,0.0022522889487621685,0.014507698663117376,0.0965889551563854,0.0003775263030516902,0.0006230192792307254,0.1221213076304558,0.23742457490136787,0.2054435600557242,0.377824999246294,0.3382005725396439,2.2432228379405225e-05,6.855190688237116e-05,0.0003374102357798334,0.0006929338720545195,0.25533260979683875,3.373413433271359e-05,0.0015475931371958396
4.175099432920595e-07,2.2796726306979297e-17,2.1144250801859035e-07,5.6820536184716035e-12,7.076085527077472e-06,1.0760209111516053e-126,0.001579823952635681,6.754403947417046e-17,3.645936391553127e-07,2.191900984686308e-06,0.0014050294951349948,1.4249816412972486e-11,2.335010500047471e-14,5.446747164636251e-10,0.008319762643135635,0.06865214180967101,0.6075689831473043,0.2083576045829707,0.7092471025871392,0.8653798308849594,0.2497158949768689,0.0004268585836809696,0.0004068556926603168,5.4010855664568966e-06,4.0007714986137443e-07,8.467545402020994e-05,3.0179283965506617e-06,8.132485743060878e-09,2.2115410881856657e-07,4.647385017808845e-08,5.599566276613302e-08,0.21549733625960238,5.68496586438779e-07,2.502782103922051e-08,1.5280683727639988e-06,1.0595171621063974e-18,0.011017874596638985,3.034235376128873e-10,2.652050833828963e-10,1.475959055696716e-16,2.3862064592958034e-07,0.005977946556290376,0.38394693386860723,3.5036320514632963e-12,0.00014550053734128,0.0021134094042687653,0.0062536645754593875,0.14778874944784726,0.3199363457239046,0.01253737516695542,0.0025084688386023076,3.942049311472299e-05,0.9775681691066808,0.5940369092570988,0.03407008281786351,0.04802621540570411,0.017015588802979664,2.7601643801181085e-08,4.603652202528259e-08,7.129664097770306e-07,1.9542077288377084e-05,0.007041717813127555,1.0727738110775575e-07,0.00032059617583352155
4.843166644820234e-09,6.462982760248259e-16,1.0678992433356003e-07,2.0261436617680535e-11,2.3159807328016887e-09,1.586699399629074e-18,1.6144497917664905e-155,8.547554438018612e-28,3.2872868280765713e-07,8.138558918879195e-14,0.0026663147438342563,2.8663758801493814e-20,5.0282657851727846e-18,3.2682437150916885e-06,0.22868834965488952,0.15901164749537058,0.11587700619457905,0.5297404070076951,0.7664294774440756,0.6573539249996139,0.057758466752267514,0.011447345680520382,0.0006026814341984463,0.00014055973241478673,0.00010685282777418374,0.00034765477250064676,0.0004191563151496599,7.81970225306888e-05,0.00029563780332924613,0.00012778260758042085,3.354664894004787e-05,0.04331496824547719,4.1211232530974195e-08,3.648883362008356e-12,7.147520208639777e-07,1.8814763213627593e-19,0.0033082472190308237,2.536463314839895e-09,9.191907889803396e-13,5.458837942887764e-20,2.348145963339269e-06,0.0018611699458623869,0.028699929447870712,4.4487268170079976e-20,4.417003325829639e-07,0.0006860702397194854,0.18790858065220145,1.3283279888085962e-11,0.011432904783185588,0.011323681750952799,0.0003954151606036775,2.4217798575391245e-05,0.3875207279103132,0.6025565062503946,0.05075278681479246,0.13259241657372664,0.12607519792245123,6.205569544028316e-05,8.100843656866415e-05,0.00018202693218947024,0.0008890500919900486,0.27862964444144506,1.3276271525138677e-09,5.6584861372374285e-05
2.0640376228415662e-10,3.7897740241558056e-17,3.539671187243158e-07,1.2376579008354104e-10,3.587539603713724e-05,3.11413182917583e-08,0.04982306017700089,4.42480096194596e-126,0.0064743290878721705,1.0426918988565716e-08,0.025765317981201814,0.012106994612663806,0.0024814190654017096,8.34003185097022e-08,0.00890172499340345,0.4002829207789159,0.9164088983283822,0.8536959671985821,0.6921925320096866,0.3236260498460472,0.04238145574507623,0.29383654945496274,0.05268291842898518,0.5938527689731301,0.12339189377616444,0.0002919878777400104,0.08251562407931468,0.02075531597036035,0.8959307636833196,0.35449747026971046,0.1611322427446411,2.2051257001733073e-05,0.0002401884893484412,2.272644910109397e-10,3.5730457656326563e-06,4.1263453124287434e-07,0.2626295573888292,3.8674309067708156e-05,1.568045188708121e-05,1.153505597786369e-14,0.04519137168657616,0.002135921145034684,0.056328896031523114,2.450087116462636e-07,0.006332855914816395,0.00029839391441009917,0.007385714309453471,0.00010293684858361798,0.005600184996382484,0.19235719548751534,0.5833754800311681,0.09091330712449058,0.6122594721449575,0.8933143655225,0.06876461717754973,0.22767873796559676,0.03612364054371655,0.49195279885652066,0.18980346438526544,0.39717536330431824,0.7015041616432114,0.5104911996248309,2.2863049628941935e-10,9.549135221651327e-08
3.160502793260361e-08,1.1439246462087067e-08,5.4615638555969115e-11,0.009205734557935741,0.0018281474251696168,7.513296587959997e-05,0.07218929254437902,7.969129219626085e-07,7.068477876908559e-116,0.01503490683222209,0.0004924432621359477,8.274800437752979e-06,1.7165936260151305e-06,0.00038635500142001223,0.00012346959248011666,0.023034786552262976,0.14064333613979432,0.6137736729721345,0.5862268812745295,0.2108899433522402,0.0013979418434722968,0.4331704626266605,0.002641283779465422,0.21515974956824824,0.04014032817234043,0.27409946083554576,0.09201155150951752,0.3869990059690642,0.19826800035456119,0.3930232144569179,0.5868578117822405,7.834513756788156e-05,2.6834530344361377e-11,1.4899464390516729e-08,1.5558907562347903e-06,0.01104257898270688,3.593454077200966e-05,2.0244514279882624e-05,1.8031082386995151e-07,2.967034334372895e-07,5.574734728969287e-11,0.00494574773405719,0.0001458999882684749,0.0010669605552558869,1.0509697685742517e-08,0.001605164947719427,0.3397852012372528,0.0517182741618215,0.00253081100853324,0.8047044180113117,0.007984457933858836,0.025783180937987083,0.11326625228037447,0.15644757252342134,0.31155896274673944,0.424621781691191,0.06936044994429497,0.21649208475290815,0.3250077894022975,0.1851361774632507,0.0016370915151334544,0.05026574473075309,5.1923822769219146e-09,1.4524712352691384e-09
0.2465548992918381,0.004836057175519948,3.897647065263795e-06,0.0073424651803545736,0.002467706377576115,0.1926686497333655,9.796455660818001e-07,0.0006567948393771996,0.01711257622685264,1.5714289775338105e-131,0.00016014452965290016,0.002172188356040348,0.00016565613181200928,1.4276172846124288e-08,0.31515826107340167,0.010669581279781177,0.6786955326872858,0.606926695435396,0.5217543208890518,0.3982936504452139,0.3147127311479155,0.0009387421513058544,0.33668137741088255,8.1277109004017e-06,0.07782770169996671,0.014778570334124021,0.021947060513879367,0.012126144871981366,0.037128343277492544,0.005276334844655728,0.00389892588384915,0.6979756116305434,0.007331498619232324,0.02467090249710226,0.000336551513932981,2.5153107378041884e-07,0.020756697858350617,4.9008705552171724e-06,0.004466106731258845,1.375681430372554e-06,0.006545042289452959,0.002825574874863316,0.9051172274665445,2.7610995628948284e-08,0.00174417102657161,3.689271619357422e-05,0.03783655005648521,0.002736999188806402,0.9860523422459018,0.0004268765079285203,0.23629423592595247,5.966367642596135e-07,0.679855308914074,0.6184932993530605,0.42332547937172293,0.6145110533898488,5.63256002210162e-05,0.011172647281118444,0.005583767098757301,0.0021573117564062092,0.14974955438985812,0.17493340412482677,0.20260547344821636,0.07998380937893715
0.1376699456668594,0.0003967567800182271,0.023140036678009564,0.08711931657291826,0.011011896070048452,0.11744378408494897,6.296867493751923e-05,0.1760401265083161,0.9804302110640446,0.002519510521017638,3.977526542064122e-113,0.4154738976242711,0.0019549670662142274,9.775556273597105e-05,0.09214240664308446,0.04908635289652268,0.08997958034940552,0.7799051141275382,0.07619809229705149,0.9371456262996285,0.8166877670404671,0.04577079045457433,0.29253799222803756,0.009933431282009719,0.0004992224451191001,0.49969753115433,0.2663775914254548,6.10139432233662e-05,0.004927422140280045,0.003171208936609363,0.021064692344436132,0.8941047568157724,0.00021843899860780091,0.08008645635695155,4.604603608955816e-07,0.5044298270473866,0.007319034550144011,0.029898166721273142,0.0021339167081046574,0.006063225616081686,0.01613420562055651,0.483653554857838,0.03961313738742864,0.032051788499068236,0.00033030861245509133,0.0024571265879195976,0.4395050227520876,0.00354328208305648,0.5809746225328596,0.07938447461280336,0.8441681104922478,0.0890715362765597,0.1322662371017833,0.6968110311751049,0.062135309960972884,0.1231280705529931,0.1467381138070918,0.0012044603926945315,0.007839426443928349,0.0010931490601061265,0.013859124314139906,0.06473927864259205,0.06963751235718584,0.004883285073525678
3.37662085431333e-05,2.555841310854294e-10,0.0027319413159626067,4.8057625748466736e-08,0.001189162932407438,4.527319785432094e-11,0.0001233581428471843,4.409823241579535e-13,0.00011406042119559066,6.118671567624582e-15,0.4193973298547887,4.893758460832697e-124,1.1472389582424991e-05,2.5214483279377935e-05,0.7950037144871456,0.5283480843588884,0.36724223908385006,0.39900013489039265,0.5633274430798794,0.009759815433185139,0.00019546071070653513,0.0027328200658055736,0.0007336748083546856,0.023928189924325983,0.4001016555796971,0.08358336441647234,0.004571812077946454,0.4310872532908041,0.0022054068586383727,0.0010118253574307853,0.00020831869898467752,0.008799772744892402,0.0006549185055220412,3.865162677534139e-08,0.0007680562228199654,1.90098550390086e-12,0.3456645655508027,2.9048464194274196e-05,3.4626274480310114e-05,6.602466142910846e-26,0.17153181232498763,0.02820851148453873,0.9475040032710882,0.042065778072745336,7.631875973914772e-07,0.0417614401659348,0.10819007868987669,2.1912597460841014e-05,0.0022041184584173715,0.001244702852063785,0.10686792779207144,0.06868029553328449,0.40568698434587913,0.4982192688376593,0.10504836161549645,0.04028952959097489,6.722971708092781e-06,0.005383001992205454,0.003077832212506134,0.04986807449713675,0.0026228953065346445,0.008918375223284385,2.7797339992570144e-05,0.0037896416281889985
5.35554413733097e-18,2.1792790435302834e-12,6.101182865701148e-15,4.791991675435818e-09,1.3558389875714637e-12,1.6384118262993784e-15,3.374009612651887e-05,1.3641105193238665e-07,1.4145186781751707e-12,3.75488993617473e-09,1.061137553398974e-09,3.960587118119843e-06,1.6017981128469973e-114,0.0009140402528607023,2.0790805017367376e-08,2.6601553118493555e-07,0.7825262492352503,0.018609885343528233,0.36168566224804893,0.23074911731580378,0.05027095579734821,2.1102473348053936e-11,0.09621657179240783,0.0002331828449719022,5.285134112003654e-13,2.3858971051245192e-06,1.0617948006930847e-07,1.3002289244039274e-11,0.025576369143233958,0.046343137847759834,0.14034762021790037,1.4490750847854424e-09,7.180541489422873e-13,2.0446343508214187e-14,2.572515876491683e-13,1.0495534667974622e-05,1.4434745747505722e-07,1.3029062379768399e-05,8.64515063493499e-08,4.696234559841562e-09,1.5454755213104433e-08,1.954371744167633e-06,5.061945813688776e-07,2.330740791390545e-05,5.839070044457349e-07,0.012170523056064449,0.0019400713483262238,2.376921307237298e-13,0.04163126233719266,6.420165542500316e-05,0.12269949288569566,0.001606025375038303,0.6396400728814353,0.023561953144964502,0.41881579453362083,0.5883078786890027,0.001080689421737443,0.002583118884213304,0.018903101873856052,0.0002931668797294501,0.0009185518162577533,0.0006696547099204176,6.251098476975601e-19,2.3145312077193663e-17
0.010265767313353111,0.06121747208443889,0.4662610162779287,0.0041617558435209845,0.3914339791172725,0.029433513014491236,0.4311701702933147,0.0002476382829582005,0.2516767107626604,1.69296313431464e-06,0.003787266892143972,0.004181761388355822,0.16224982776818075,4.475171638153957e-131,0.03982476423498848,1.5361987945217978e-05,0.5987225725232225,0.8245971965798459,0.9870149158423409,0.803323323358291,0.9689436731379554,0.5073801478734412,0.33532431679583125,0.1414548996155225,0.4256229531953589,0.09845710561458039,0.1159990721416906,0.09908554569378074,0.2656831949803318,0.20037486625854492,0.41115900281227447,0.0010766038622847475,0.33391996937086627,0.027577736622931438,0.05189112605145884,0.00019645301133963347,0.08600111512743558,2.49589449901317e-05,0.012944376358389626,0.004428800386345588,0.01726358030068494,0.0032541901359985064,0.03878057345416155,0.38143804289788175,0.5129388593053139,0.17520081521209127,0.04025731295251469,0.13050121570209255,0.7052648247447353,0.5245267788644936,0.2786405309863945,0.062437871283600684,0.6321394413820086,0.9147553249672233,0.4840622987915948,0.5931422155552094,0.5041688601846501,0.1939037740101243,0.3150195946456363,0.39365769699631303,0.15354282005517997,0.5394299020565376,0.008542422789757965,0.02556995006875591
0.04477879726061599,0.0018853295109792611,0.04959874091905851,0.9699242531453298,0.5493085476549869,0.00211260015056849,0.0004788895904256595,0.0027890147642530617,0.0007194725681419676,0.376369148308213,0.00744405394517318,0.4741628492470803,2.2424654296724938e-05,0.006275498281338555,2.998267556772674e-122,7.621551489628934e-05,0.08675554896467942,0.6022668687133665,0.6432685014677224,0.9287916816711502,0.014498094820268191,0.05576577275463803,0.00026803825017238466,0.0034384630136050035,2.7361589868354456e-05,0.08772034522355827,0.00034978173623525084,4.788854508751066e-07,2.1176591415857004e-05,0.0003755225260090537,0.004351383421294169,0.004505306988366855,0.004083104782775261,0.5034647042376494,1.410025274157475e-05,0.5614973858233063,0.0007028028927349148,0.003679293330576619,0.13214507604318862,0.1423323789857441,1.176410463159916e-08,0.2085501232441812,0.0002124367486446123,0.09883348587023189,0.00040493409526487495,0.22326524228516942,0.4879731385183359,4.245400266261529e-05,1.9154190835615276e-07,0.7317096230593509,0.015442846071613583,0.019411543710720854,0.09118352352493925,0.5854750767574264,0.6564808535047749,0.9165552405865051,0.17114578782372855,1.59302911654599e-05,0.0006063172948147759,0.0005634193419392384,9.812371422627473e-05,0.008770149478087654,0.00573007592772856,0.8591232889438719
0.0032893481229925737,0.00012329073220526798,2.459074781370318e-11,0.0036577774408309617,0.352845946293384,0.1497458630503208,0.5629438297527463,0.2212521266466701,1.3837185098531163e-09,0.0038458338603222474,0.0025974702141346325,0.22300290968870345,5.922236140417338e-07,1.2129544833993067e-09,6.43152799806824e-07,1.1350331029298718e-195,0.054738739368345335,0.04913408103166988,0.010499687934963722,0.03465614589147643,0.003797586965774067,3.558374392575592e-05,0.05518298243619679,0.008913876650682535,0.00023511632680816628,0.0060331838266114565,0.0001789499481698263,6.327380706066625e-07,0.8272050699029478,0.5446937265897904,0.744225924065942,0.11602315963134154,1.1256433797335025e-08,9.6994336468511e-06,2.2549664185492054e-15,0.09070316382968176,7.461371460040507e-08,1.786732312047374e-07,5.254204688017418e-06,0.0034859992779558524,4.442974316115194e-13,0.0003445720107482943,3.456183599768453e-11,0.49398173728660344,0.0070104826869573835,6.790983594791933e-06,1.1246124212827462e-06,0.9519361401974669,3.761675113560679e-07,0.00013128433851131648,0.633048448061613,0.012671972355408588,0.00032935210822120504,0.00021073948059502888,0.9820968060946355,0.08983461946470193,0.3762025092737933,0.7311862911900936,0.4174622254619389,0.9950904095767258,0.749773414229256,0.3430140747239095,0.00012742682252740134,1.7818741001572423e-16
0.20815889969080234,0.9763941421020127,0.0069473416187511156,0.8536657188326774,0.2825738897497333,0.1699058002272621,0.7085159793420404,0.9092455564475102,0.3726831696809323,0.8833454446841067,0.10446529963947183,0.6178505738810848,0.9252103427007579,0.7726465921874511,0.04291607960089333,0.16252317068658118,1.9053708353484814e-06,0.6031781681454438,0.5976014067106257,0.02528449652840628,0.005927378600094821,0.20940246530594916,0.07478810359304593,0.7459472883601679,0.3347512284124688,0.14527728632276965,0.05394211638020008,0.26054361623015126,0.09460010659063665,0.10056722896291766,0.0341116478956016,0.7211093765102327,0.09817763288781936,0.9895085834046558,0.27926736219412207,0.16929452638911444,0.07313629668689897,0.6727222154654771,0.7571079527692222,0.662600830809404,0.840043206202763,0.8823456320574983,0.011480768488799486,0.8879450193688524,0.25465249716286636,0.9228525605450942,0.10040297155262572,0.3292836650667907,0.0020892131703697248,0.9724658435889887,0.28078953800844364,0.8127305543175789,0.7218408475930687,0.033514348562271576,0.0001405446179263784,4.969413337983681e-08,0.3656629511155162,0.018961537044103183,0.03502593771438196,0.4703837978983485,0.05237672311404828,0.3609842828470409,0.17215676374892808,0.024589733538199973
0.020151481866679723,0.0024385117919694566,0.12901551074271522,0.0489872832520387,0.032002228003044426,0.027110235126167337,0.06880292863557001,0.41745266729391595,0.08409787205552127,0.012099003031872524,0.43084283843786175,0.07549196990058789,0.583175683556415,0.17417600194844507,0.048747536961717866,0.01781255925141259,0.6622863604881849,0.03339179251339128,0.39802907821117073,0.9701227707185088,0.03823088394960767,0.01670678272089743,0.6986104977129524,0.10853157148559094,0.3518602206897315,0.07119124388571911,0.7331850334444947,0.5537381962579213,0.8123408308875097,0.6480711229478526,0.9639828862300083,0.027424894329884927,0.0020771126316513843,3.7488003727522327e-06,0.01452335002735606,0.13345865307452678,0.04280078671754123,0.00021340538503031485,0.03546034707397825,0.45111140991962306,0.8056398687564624,1.1386092112195674e-05,0.24622796336538935,0.06957827449727515,0.1614279425004728,0.046556111346019294,0.5574049324250597,0.09687198694186855,0.5899441477727586,0.0012802330255471967,0.964627007910751,0.0033458044074279186,0.08775793501586314,0.2090892761657412,0.9311083996293884,0.11332849610245024,0.040495254294323976,0.8149173855402654,0.6946145054995259,0.07481363093496748,0.7510311574668176,0.9045502338923449,0.02029976525655412,0.003922032189930673
0.6723888198466308,0.28726826741335065,0.6600960363166384,0.44299453354479945,0.6529238850116792,0.42646021155791924,0.6853759085139773,0.3270475043186998,0.1382453839807293,0.5928415034000906,0.783329855546981,0.054747329318840826,0.5252495094012983,0.9877025089343993,0.18257812414440155,0.6695055507028715,0.11402871907467994,0.14462527477670994,0.15241547855757778,0.11652395101467751,0.020469651996734388,0.8223925104184204,0.04226188601458582,0.770811636056054,0.2750599807559699,0.908918098889932,0.3179308107690013,0.5768133654070378,0.2769051882974169,0.07883583910158794,0.02436805096388327,0.9669653140235752,0.7266066076367255,0.4155044796557439,0.46991631289625424,0.8110420720139779,0.19910666175808828,0.8455238565855855,0.8529941000196619,0.7624191225425228,0.005868002707416159,0.07369435887496005,0.14326210876459158,0.5817023117446105,0.8943944752093168,0.9655371027684903,0.0005692822457127644,0.6012593143665595,0.0629613281168174,0.7268152748594883,0.01309587644674921,0.7459719951328159,0.017353824944950497,0.09396749559004339,0.13813178374217566,0.6361686931835555,0.7371815664097066,0.2296484662751842,0.13041664301099753,0.664020798360454,0.21112720470421634,0.27913871415040703,0.6544719546567629,0.6450096984222707
0.572457468722777,0.11623648706642482,0.977670981872792,0.20440018340125557,0.4569829199457739,0.6323745587599938,0.29245512608534,0.36610917805932597,0.06553237492869637,0.0774933408310415,0.5649316754137994,0.057551806177025884,0.25566673143131047,0.1451700694096232,0.09147666591703983,0.31143579632223317,0.7375216730834883,0.0009975739801867528,0.04028852113036821,0.06142466170179731,0.01652053355516695,0.0018911055056125884,0.5569546058642869,0.005708263518251539,0.9763864867936487,0.02083006686760732,0.9815005585848422,0.5112739776354663,0.7083080766877614,0.15282100584191463,0.42617425123436814,0.25150320830208084,0.8154164385981539,0.19196408155670527,0.4065892535494352,0.2008303373279861,0.29975400221590687,0.017295325534067707,0.20413873861972032,0.6835029716500662,0.05894099538192711,0.00573021339804345,0.8236214208386226,0.18244857431951683,0.4352317440951805,0.018935121922132706,0.015806726629778067,0.6363797438791556,0.4763509898997408,0.0014529189881120122,0.8709357740332835,0.0034133625487575677,0.24388599985022494,0.2264731776045633,0.25435574734205935,0.04971882165849895,0.0745866590110975,0.6165887524945997,0.4498593994901602,0.4042214146043277,0.559969374851556,0.8178645621567345,0.6649317525090628,0.4464079375179292
0.00095326000324027,0.005873390249372451,0.7478904794557749,6.054613361768861e-08,0.023450983729684828,0.001392612848920529,0.005781598895266592,1.2162384949895538e-07,0.09446182608876223,4.3629527005329127e-08,0.9652302389878058,5.022646886910943e-06,0.27623640006658046,0.3111533012057989,0.00021928438617108918,0.0038809087579978517,0.8835763627373036,0.26782707687236146,0.32699643764366504,0.00027774051767380194,1.9055268981438998e-149,5.552509080117296e-06,0.0025109026184771586,2.0578583034205564e-06,3.051868528509103e-05,0.00017493091671654087,6.655923793780687e-09,5.541523611197232e-06,8.69113534700421e-05,4.670813310780082e-08,8.423671981968743e-10,0.02690842191062433,0.4722912243761702,0.0006310091780494192,0.576235846791255,2.1038541112704175e-12,0.4538239151746264,0.022167185142439833,0.36581288256169747,5.242227676972622e-09,0.14080230552694137,0.13318333004612395,0.00039374736104653215,0.15862838885232822,0.003020589598505369,0.248115496341215,6.32023295924148e-08,0.006054775626404977,3.9273989363295575e-19,1.070873440148032e-07,2.7624721292419614e-08,2.0685130583530188e-07,0.26002530372874605,0.017593889115352288,0.1842077522750914,0.0004206578372156005,0.0032950208881204557,1.0636444732997575e-05,3.002850876604082e-09,1.0218127246250818e-05,0.016589668145385046,0.004147031714318117,0.0012665043186233732,0.11571244805135551
7.681913106215429e-05,0.006664647923993273,0.015385969014764576,0.020214303875147825,0.0004039481755035683,3.365100585111888e-05,0.00870592882720886,0.0015809964894004335,0.512427349912551,0.008710360745302565,0.5077568699561866,6.950259544630521e-06,0.002203931270973004,0.46847197662691986,0.046013008119528485,5.110270844163491e-07,0.04335091995062405,0.27508756091408415,0.13431019398915234,0.33646006926796845,8.350477079336816e-08,9.363927658625061e-125,0.0004886361923183399,0.02782817535829443,7.74585297116791e-12,1.4253463028146659e-11,2.14224726005862e-15,2.095619484168658e-15,0.001747145402971115,0.005723383253228837,0.0005359480028287986,0.000515382966685322,0.09606384126202769,1.0720769785255652e-05,0.00033691323077056904,0.002313495932542248,0.0897807014169749,0.714355369884226,0.9453967522051295,0.004947565010879009,8.683482102353395e-07,0.0072631643229610025,0.0002805945271845867,0.019570107944230704,0.05067036283121982,0.005275339798763425,0.00021152334013651338,4.4359576319964287e-07,1.5736917817733316e-09,0.0002881195292162207,4.4957177544958254e-07,0.050006575278255555,0.007828464517166388,0.23250256091208352,0.011753441588257243,0.03854252511744376,0.33722118086567576,0.00013928473036064882,2.814273211263089e-05,6.359096394451455e-07,8.097278995409001e-05,0.4658904443637486,0.0001189950764197259,0.0005913094042759828
1.1928722726775964e-08,2.2184406153409852e-07,0.21077947941459155,5.5302179773240675e-09,7.389541870520319e-06,1.6956765204409543e-05,0.0010521419655800588,3.2221399718284505e-07,0.08964236396107857,1.6614094655931684e-07,0.8616606042785664,4.9814662911944e-07,0.897815422355165,0.6146157409616408,0.0002740290649145775,0.0007663597847616862,0.7004535703996024,0.7647158670044085,0.371152862351941,0.0023236879086132923,0.005572062970000443,3.540278135456184e-05,5.061674633280672e-149,0.005746163172034599,1.2419411362794222e-08,2.477636807697937e-07,4.2500422400462786e-17,1.518898811676452e-07,0.2692286125391653,2.0760978602388544e-05,2.0524126402808305e-10,3.467720971744005e-05,0.020772119107426695,3.619351219829937e-10,0.0577277587657215,3.0805259840133857e-10,0.22070386439796677,0.0625351538705392,0.04403391388061205,2.1795472167793037e-08,0.00016597468918349724,0.018522820552188107,0.004500662545834437,0.009478058343270559,0.0008349031556201827,0.037412646443570466,4.161281519186039e-08,3.225781067119036e-06,1.2181648315772953e-10,4.137172989843127e-06,2.821653399969744e-13,0.0004279415380592591,0.1826782810666855,0.40106590618427596,0.009539565381399849,0.0012289792869053994,0.0022417121813226404,0.021576773004182977,8.98100566204785e-07,0.08380618319293087,0.01278075533351001,0.009943620831136195,4.450949260866711e-08,5.30356586506512e-05
9.081040724307048e-06,1.1685496650494172e-05,0.024039234780518642,0.0012001688890138727,2.1918092586751155e-05,2.02929403936309e-06,0.00024367637554125525,0.003657392284382077,0.049069708387052074,0.0004416939354206991,0.6846174365786446,0.00016050019464899156,0.2553754968445609,0.5705688419954116,0.12321933207295264,1.0485845864950366e-05,0.11421869745968853,0.637033166482365,0.0678810532967475,0.3349876267666564,1.4739349219304612e-06,2.7792035392561965e-15,0.011247112405652635,1.983250195021894e-147,4.609524672837543e-11,1.1893732662309405e-14,1.1116929869044232e-14,6.876779229177308e-16,0.1822540207224684,0.0007446585549939497,2.8060925154636252e-05,1.2253471308060404e-05,0.05535964529736138,3.758323814813518e-07,8.363014951166798e-05,0.0009509440586894597,0.2746299548499824,0.7265894620197855,0.1264908129754996,0.00017712780235281674,0.0006735864207420259,0.04564747466898121,7.282359737798144e-05,0.022238780841846717,0.0012092791950044435,0.05218415675080633,0.00015330363416508848,6.656316957544792e-08,8.03518056352191e-09,2.055176383854512e-09,1.1947767338762998e-06,0.11029876996610162,0.038921829038284776,0.42545296600969074,0.0031286319411092498,0.00545600894845125,0.03560518054102361,0.007938247636971749,0.00010437116756751002,0.006958945955747561,0.05740511207049421,0.6595632083808519,2.334847015941151e-05,0.000318970802125891
3.3520936407981096e-07,6.464209591279568e-07,2.7850686617295856e-05,1.3166550125489988e-06,1.3952476895670843e-05,1.8014078845486047e-10,7.398401389925607e-06,6.76066215014564e-11,0.001148379340452458,6.295534093803891e-08,0.05477663822404604,2.0435597451189154e-07,8.712941398235879e-13,0.30880391966066145,1.1914045990082344e-05,0.009327722578665737,0.5080560394212432,0.607516009233015,0.009060131115156465,0.030338399188753477,7.12478914801406e-10,5.494402368022274e-27,4.7989880141201715e-24,3.779703228340755e-25,9.381151631323258e-149,0.016152133408568442,4.1250379014314176e-05,0.15786050081443204,9.925473259014172e-45,1.1516641499638967e-36,6.814945965992874e-34,3.3131394627460374e-05,0.03172181036483244,7.663374969521308e-06,0.003681005326589705,7.159727578572557e-12,0.02115331709691282,0.010215481260018542,0.004268570562671251,3.3834801626747608e-09,0.09209377866283153,0.019951300330045635,0.34450253936529573,4.933284381630014e-05,1.7044551053311805e-05,0.10441899075064176,5.376589340061396e-05,5.249982872157882e-07,5.122543864326015e-13,1.3454398435103536e-14,1.3387969142237157e-12,2.486586152979362e-12,0.07175019917753855,0.5490979998353154,0.0024838339010849466,6.6974740041729616e-06,5.563492309700735e-10,2.1780552156771877e-42,9.50214410205693e-30,1.5845523078531427e-42,4.256607049772655e-37,6.5076835495246364e-37,1.4175805243301314e-07,6.228295029773568e-05
3.0666233682125244e-06,0.0002802254991617978,0.0001261579697161264,0.1953130182002626,0.00024375520304885528,1.8893050878601113e-05,0.0001213252734330432,0.00042598518349050755,0.004890525645140514,0.0873607664755773,0.5207630148427581,0.7153714847844299,1.1428710642202403e-07,3.4209293122708984e-05,0.04699534470675375,8.294467819731491e-08,0.5904446619871557,0.9887242658747228,0.002196549791709687,0.22611044283869708,0.0387556922542769,8.854166356223434e-16,0.0003138265945152885,5.26446445322537e-25,0.0002730110777553139,2.2607475943490137e-117,0.4755393612323433,1.9046042940827912e-06,6.148834664073897e-10,2.520408675603335e-12,7.60429493977308e-07,1.8530872665967198e-07,0.6433815744119421,0.015659523264009392,0.04813943838615089,0.0011050013540124144,0.0021438838212519467,0.27694438261987175,7.540516392963842e-05,0.10682551327813361,0.0003608414987072173,0.0029339040936042296,0.2589615744963372,0.005016172208825486,0.0003226054396608391,1.6801750040846312e-15,0.0179079805449717,1.0954385458634403e-06,0.0001005261634351226,1.0248902666720171e-12,0.38992449661222817,4.967238898123069e-22,0.32610434713379605,0.9438290977886091,0.016590269328122808,0.005775132938412358,3.2764369791787274e-06,2.0567159794527313e-09,1.6688059221455898e-06,1.7089452947607504e-13,3.263174103663576e-07,3.263427269073341e-09,1.2241229281677358e-06,0.0001484203875077574
2.7684495966835954e-05,2.0212430884389328e-05,0.0005882552996135935,0.03802003843942385,0.000798882630063811,3.1669547799265284e-05,0.005909961845533103,0.01998362670411293,0.38046361907910764,0.0032473421680499965,0.649214722706771,0.07683851667757931,0.0022101049798973183,0.0676168514262314,0.00017330173631297706,3.0880693433773444e-05,0.5188181324259638,0.9794860511076248,0.8382053372808245,0.030632203949754747,0.17586041949293676,9.231399346565648e-13,2.579646301647555e-12,2.945455362358986e-12,8.169400992729632e-05,0.1483986094553677,2.4713551089334538e-124,0.0006505256260981395,3.731667938671394e-20,2.1785636765849447e-17,8.136254200434236e-17,2.6728365344092566e-07,0.20828008583269028,5.327872003032549e-05,0.025833728112267775,0.014257498500480754,0.08943921659285844,0.296197546884495,0.24767339697387283,0.0020536586831207656,1.1611324508386999e-05,0.32796681600801914,0.036446209163505924,0.12632571528855027,0.024119451240831844,0.19763716627917485,1.9980477862586324e-07,2.4941249929819424e-06,2.6374023259968658e-08,4.86414314312166e-06,4.1829499239222853e-07,8.792663511214149e-06,0.20325941061089955,0.8726712754222676,0.1367676222385457,0.032577751795769994,0.010309358437000392,2.2090263510586902e-14,6.487787880653561e-13,7.883503930341842e-12,2.4135984493285045e-14,1.0565565169185675e-08,5.371633042076591e-06,0.0006267078741359612
1.943169515017386e-08,1.02870292560071e-06,1.274890197709903e-06,0.0005878018420259207,1.1897791146050313e-05,6.843245690693281e-09,0.000329999320788671,1.9379795469553032e-07,0.05568468273216215,3.875931956477626e-05,0.04412882399224464,0.0004208162653139093,2.1177200255040955e-08,0.04746915333416585,1.2058115057504484e-06,6.991434368958857e-05,0.48963125817040953,0.8615572751790511,0.015896929109388933,0.008839677287356199,7.32593267089791e-07,9.071672340570868e-26,1.4190491501777618e-14,5.3106910403985796e-31,0.06763609931448888,0.0014919455641633319,0.00026823975600591394,7.582537020331629e-150,6.281243543359249e-44,5.1784950118125295e-61,1.271542535635338e-46,9.919625065969196e-08,0.07767556754610187,0.0002690651482019709,0.013390225659528188,2.6116214333907117e-08,0.05348879744545541,0.22798358477018033,0.009119361825363098,2.5892515525633337e-05,0.1582848128509588,0.06811290755390226,0.3140836135814457,0.0007378977275268116,0.0016264263025391212,0.00908588782468016,1.575646823069274e-05,4.772589275910683e-07,4.914159794788504e-11,1.2575979897611664e-17,1.5053409416978237e-08,5.226186432932495e-17,0.11584421901983581,0.3776530869884649,0.0018444371880557767,7.786612077863402e-06,5.863756550383754e-06,1.0341932001408937e-58,7.517194926770355e-46,4.146859277649916e-45,1.06437944051031e-20,2.0140453827486345e-20,5.0802437505216645e-09,5.7460540070125815e-06
1.2023791432481635e-05,2.1904243320314386e-05,0.132255622604121,8.437871278076021e-05,6.134101605445018e-05,2.51978821271157e-08,0.0005311911347016945,8.811455336919845e-07,0.13749664596812042,3.1151640162924455e-06,0.7074628994275052,2.664237527051244e-07,0.8311210826279198,0.8286283888220688,0.19355126587151786,0.008891971049823207,0.6452115443130821,0.6436157020960315,0.19884757921226606,0.012903529714688403,1.1532406362886776e-06,3.0960052838115053e-06,3.038202239070327e-05,0.0014654033221743223,5.2527313600306845e-18,1.5497330318210913e-09,8.746894686971095e-22,1.7963059201612233e-24,6.271017288988011e-158,1.0829883187552548e-06,1.4559764936207767e-12,4.431947259916884e-05,0.040980122366655,4.6228761219247205e-07,8.525953521092671e-06,2.260969224382621e-08,0.27629804833430416,0.125965430715067,0.025159315261322104,8.791335985160381e-08,3.423394559763284e-05,0.06924600318532333,0.001269846709370675,0.0013126548784386449,0.0016874295978432227,0.054968068778237233,0.00012345170316727176,4.783498056099522e-07,4.488257205023519e-12,1.6691173611736314e-07,3.6374227288916596e-13,9.831275851572598e-05,0.1257560010386368,0.2422685018817262,0.0022594953193564925,0.00011525887186095106,0.022917545747121525,0.00013242344393678805,3.579302729438482e-08,0.02361620009479596,0.15605969601590564,0.019089047983197865,3.264594845898831e-05,0.03993094226702117
0.00022831110978966223,0.0009360947018586068,0.19567981710116336,0.012424892898378845,0.0006030867106879861,2.0514000759113648e-07,0.0011354090637211531,0.0018911015573986928,0.17254914064985646,0.0002510203572577069,0.42293486448977524,0.0005635639814793881,0.6308893315498991,0.20433062061194285,0.04338525472216305,0.0012479218100282612,0.3556806436295032,0.7442680705376559,0.09734844114830568,0.13182111990860612,3.521645690521028e-05,0.0011319850945901552,0.22241595621428625,0.5823064202350511,1.9041241193615847e-16,6.76138604093945e-10,3.239487426137577e-20,1.012456879192492e-27,0.00041042637944858684,6.475781554981427e-141,0.00125673090190944,2.8631138384905884e-05,0.4115996465985686,8.27390654797317e-05,3.6251833520689805e-06,0.00011932422825659402,0.028185370445367865,0.8696112454495476,0.17325325576995487,0.0006807011047128937,3.531937922070944e-05,0.36053588156499705,2.1999155088633963e-05,0.027854856937709317,0.007334028752455115,0.008141586440452675,2.0436025333468737e-05,2.4166306511289976e-07,4.412094351900012e-11,1.3508105337415363e-06,9.623043658417088e-09,0.030472361454991815,0.04566337941728784,0.303398462029641,0.01678398646172229,0.002653445703708948,0.08506856419365064,2.998744457701736e-10,2.7066033870698468e-14,0.000908177470448585,0.004368800278566946,0.11822156102575421,0.000310738851905813,0.09358516660235515
0.0003328055670358482,0.0007297193188097748,0.15705077526518035,0.010462351163946716,0.0014596777033911224,3.0382391818482497e-07,0.004349832499458226,0.0014016133189857644,0.34872015244097393,4.301342874938443e-05,0.845277947087888,0.0002915685393155717,0.4986083735210869,0.45860650141065973,0.1321760855189613,0.016137473430967338,0.4115729226743151,0.8874895797372054,0.3627275775443147,0.17434676248225908,0.00013758432861313998,0.015687591234522076,0.3378529769672208,0.9374014415688361,2.107161556115484e-13,3.0711049457580484e-07,2.110308719206871e-20,3.0573092599164393e-21,2.2316641160694877e-08,0.007794246751821316,1.1159186468464167e-135,8.265220708313499e-05,0.36937131262094647,0.0003236072079981176,3.4325160591777555e-05,3.816148703184032e-05,0.06616788927544781,0.5845788380668246,0.07537595890387795,0.0001642968008952807,1.13788122067926e-05,0.5654963141173373,0.00023925672143303893,0.013181823027805038,0.010790160309628774,0.022247754750887177,0.0001329178562623988,4.5503053379227785e-06,2.1067501462830292e-10,0.00026137348933744656,3.0786395559766036e-09,0.3237610148261513,0.0736102209255964,0.48494511804551443,0.030432799247446407,0.006267865418037985,0.2734565853054082,6.455965103439142e-11,6.413194800352532e-11,0.0012640157985559326,0.0002790767796696906,0.04400080479681894,0.0002766892325777275,0.11458309508935256
1.166599986672862e-08,1.6173955120644138e-13,3.7425260949225996e-19,6.803319308757694e-10,0.0008963114558514122,4.126557459517855e-07,0.529508393438129,1.544203383683299e-11,5.064436175012443e-13,6.223727328853541e-10,2.248587677047695e-06,1.8098851575059978e-05,2.0619371168044905e-13,2.2741578129693765e-09,0.004910918987082461,0.008256617551772706,0.20830178172634653,0.29011495278432115,0.4788191754313521,0.7514971201490304,0.5558885212681532,0.08173692615131657,0.0010695364975415618,0.002758365883540153,6.7150281740574974e-06,0.009096554588185743,3.0132397509787513e-05,2.3171179833182268e-07,0.0008791694483723485,0.004407997010775025,0.0044937467097340275,7.583195585909337e-158,4.8313695888929416e-29,8.903481766861561e-18,3.210653776586674e-19,3.526490109015276e-11,1.8239085519608717e-09,9.048439191020334e-17,4.386603761934149e-22,1.2634703515187768e-12,1.258981393198293e-14,2.6263536139236214e-06,4.5444250119572815e-10,0.023353914332356722,0.00022833456719340226,0.012589418097241433,0.01705492905269794,0.484434991912584,0.002065778526649472,0.33916464970819055,0.002696960526233652,0.022995943775353283,0.11724747599780605,0.15572386132579993,0.8126684763384628,0.9763209588271071,0.13010289115716905,0.0001923077413431432,0.0020590293827195535,0.001621286614008631,0.0022503277161331483,0.3532884815855887,5.288794663336406e-10,1.457035954699227e-16
7.505478418983073e-08,0.003186569557998938,2.4092336077538074e-08,0.05819465994824081,0.9853461770732285,0.3321053589744218,0.9617961442639118,0.04063415866332273,1.0957804743968307e-10,0.0036912327426315435,0.001226264578584465,0.00395445151466061,2.2991303142552367e-09,0.046342206423506886,0.598442869078927,2.7992954782126503e-08,0.18602777650783334,0.7096685148151063,0.18420511894146505,0.6460906595830963,0.222694654058927,0.009999465107590678,0.009366632382865347,0.0012175108862809729,0.004196632919316447,0.07292496778824956,0.011160401518510964,0.0016819201525631795,0.0031790376182818576,0.01827260282838875,0.034502873266736234,0.00042963493684428355,1.5909190372692415e-117,0.0032625249428960387,3.4051674454484333e-07,0.0003887065635509578,1.669773666052592e-05,2.9285832899112622e-06,0.008121265680835614,0.0002181946484285413,4.0795441078594745e-08,0.019667903208575113,0.09699558396686223,0.834796669219362,2.5465208505162172e-05,0.11898974650003652,0.3646525986456339,0.010155637132184996,0.43695588007320496,0.0005851867814521555,0.028338754449884315,0.005011414335462182,0.10869224631022979,0.6748511489817428,0.4180758804305168,0.3912095688536934,0.3441968808172591,0.005189854922289467,0.023950977898141504,0.005667891279986224,0.005866960579181899,0.10234535044280024,2.6458293452339246e-08,0.020595863155414753
0.0003825627543178012,6.852223266040232e-08,8.025586838660741e-06,0.13273062022240412,0.2738587493702174,0.0032336134409034524,0.00015857424740862327,1.4174116333751417e-17,2.5236942538252445e-10,0.0020969925496818753,0.0021573362509039167,1.1613946769756621e-10,1.5337561675708843e-11,0.04194257717428369,0.005173470495232607,0.0003065120949774002,0.24159422618070533,0.7790139071214641,0.2898584131582939,0.7307608120211295,0.44624639834005553,3.7003900757054707e-06,2.4304802442220514e-08,7.469644499227156e-09,2.111466045672307e-06,0.008457965390362834,1.1534248663075706e-06,2.6238911933467115e-06,1.7828599967683979e-06,9.148437558180328e-07,3.158196769922578e-05,0.0010767163947341422,0.017956429435698185,2.023109339037716e-118,0.0001348315381285275,5.288781994185499e-10,0.17479340485569686,2.3562743187271642e-06,0.005998205100688037,3.2854123014638126e-08,1.1922944457150015e-08,0.04934796982381957,0.03373075218896591,8.578182767804886e-09,3.6654536704941276e-07,0.03339625686076396,0.012667055656348337,0.0658502486389737,0.40193160428856534,0.00028885822939576813,1.36794104760905e-06,3.0871117969347907e-06,0.25861425814554184,0.9467666327737424,0.994652726584986,0.5047175690331851,3.574991872377016e-05,2.06804678197782e-07,2.442884563360609e-06,8.139983701117704e-08,1.0063301181299044e-07,0.00032683758567250964,2.492171223211777e-05,0.009055011141511044
0.00033406024905024056,6.2040434913928544e-06,1.6483739552281e-09,0.009082474888691901,0.028539990457451203,0.06029863865091237,0.03828945090393855,4.1884094036907485e-08,0.0009073117563662212,0.0008352666577552684,1.2830718048455855e-05,0.0007828683809183405,1.0334790044214641e-11,0.0027953407961428824,8.180145319950541e-05,3.412683227129798e-09,0.19668148541263997,0.8612102498921748,0.9462374368080904,0.8815460351538061,0.7518118963101501,1.1488739543478395e-05,5.592293294381168e-05,4.80831515146284e-09,4.3909811770007454e-07,0.0015518300357384115,0.00017777518214534378,2.066679834118516e-08,2.812775769405752e-10,1.6623623563999e-11,1.2421891654633176e-09,4.9927173889210924e-05,1.4330714344266063e-07,0.00011353205301968532,5.205180348471618e-114,0.005870521935937944,8.5915849159828e-05,0.006198244552565223,0.004120030707542435,4.817578490120856e-06,2.7905071690582515e-11,0.0034321995646010607,0.16093083299201255,0.43945620030547794,0.07058302865332293,0.09640143441106726,0.4052812753006997,0.005248890782023334,0.029110724616430387,0.0007046370329930181,0.0028567040602935525,1.4209970646193625e-07,0.16734590873288036,0.7967435511829474,0.49695617804350045,0.049957581691687604,0.6420138749900952,4.85477790444189e-11,9.891743127745854e-10,8.696596608681983e-11,1.1510767363384956e-07,0.0002460273018522426,5.095946956092467e-05,2.2884357976832032e-05
1.7748389262899732e-05,6.705912914211543e-10,1.1097662577410897e-12,0.0003042457964040106,0.019601369953757202,1.4583902527753016e-07,0.513649214451674,0.2370215388903984,0.22167620253075,3.568098355477501e-09,0.1659690171553878,0.01963407625226421,0.0065656187700543125,4.703609067256659e-05,0.1559099397170831,0.0872747247736678,0.5102189272899142,0.8360077227568452,0.33844058603808247,0.8348729423782866,0.6310004037382546,0.19060430222086344,0.2084021367552575,0.006571814106042963,0.0011105823867984769,2.4148479196826213e-06,0.07328879819552361,2.5954442612733736e-06,0.027957920078507604,0.000904131026289438,0.0011361936873867436,0.14468223542730813,4.385281564967942e-06,2.549526572210075e-09,0.0028891609103925057,4.3024976871332645e-118,0.0801352219593673,3.337265109688173e-05,0.01478191204608847,1.1849098651510556e-08,0.2698138443407905,2.2958393552126403e-05,0.0006834172429107675,0.3338483789780005,0.34263658093450156,0.0032412793703621165,0.18653381401723035,0.015660052241226463,0.015612351744752723,0.0101804071447231,0.0009723140590202722,0.011264956145792069,0.9327099782356998,0.8322590820715712,0.9653343989803345,0.7212683611686068,0.3795976185900334,0.0018599895777617623,0.0005565106331486916,0.0013793992815821956,0.23144408168439584,0.2796319146781897,3.7153210803517845e-05,2.254303388020415e-06
1.873271936881339e-12,9.604261038502306e-07,7.229317469630548e-08,0.1975530136548266,3.278946017852359e-05,0.06221347056789168,0.5738607501049274,0.0053268346861778905,0.008199660628567253,0.2667851924647739,0.21310674011203037,0.008584580482839577,4.778783631008124e-08,0.003799428547564005,3.0205548421847028e-05,1.1768893792680722e-14,0.8849671377976489,0.8715905971956486,0.8200482902391499,0.35569699625437523,0.7082621483543677,0.00010628605517604436,4.034607863993118e-11,2.1498503227340444e-05,1.1533050554523417e-06,0.000179902212990693,6.789688574642668e-08,1.303896791473724e-06,6.655728312581813e-08,1.6582674696807222e-06,1.0988329158708354e-05,4.504209418432992e-09,1.1027071050787091e-08,0.0020595012975432813,0.036335064067540494,0.21763535549314142,8.252623555405019e-119,0.15875067564400502,0.0007106522008313623,0.008365871552383214,2.9429555750873578e-08,1.5641210869640862e-05,7.43514607528609e-07,0.3211262547349788,0.8444476671319351,0.0006994137435726553,0.0018521974246661587,1.8205623973920336e-05,0.13729150413570226,0.007054154842272947,2.0621603491287298e-09,0.0009256854598512503,0.5430285169693632,0.4333849437327153,0.7954802377310601,0.9350188053682875,0.17381028810580654,6.392655773380246e-08,8.923032794497038e-07,5.337337562617527e-07,1.8039669753734593e-10,0.0004890552362246049,3.237725499518981e-14,1.7146620766245045e-20
7.014703060787228e-09,2.8360009434026412e-05,0.004519165885662802,5.490859843950173e-05,3.551933318548792e-05,0.0013558920875720408,0.05457676924417782,1.5478346086554815e-07,0.06896675961832847,0.0026042820190490335,0.17473045548272892,6.588344213084635e-06,0.015790091708935333,2.955793452220901e-07,0.011497268960707862,2.015548747858753e-09,0.9905666973378646,0.3930770112047547,0.8317099299821178,0.6949272735158987,0.5727183011930134,0.04989664274721732,0.00024386689810646338,8.753920976125381e-05,1.3354120842245425e-07,1.6972319314830715e-08,0.0002100239725890258,5.601111821528528e-09,9.666006480584203e-08,6.786669635249065e-07,6.353421656340616e-06,1.0615232994503992e-09,1.641747471643226e-05,0.0013137488523014642,0.0054284617519781905,0.011194255620886268,0.03417677094325207,2.0081838703305645e-96,2.4135698254094626e-07,4.858130449884675e-19,0.00108325026149468,7.403151223052505e-07,0.008322063296317959,0.11903721911463727,0.024362324619746346,1.529384155266319e-05,0.5980877581111623,2.6050035662890433e-05,0.06698345324446793,0.15619333592725784,8.909368910021861e-05,3.3538334487950924e-05,0.9835814870604837,0.29659860861264126,0.6799327691118549,0.6655496574338197,0.662408245367915,1.7255887452196872e-07,7.119489358804888e-07,2.242632446077939e-06,5.191010858540611e-06,0.010357624975636285,6.468412927034381e-09,6.433643099584179e-08
6.651485887630108e-23,3.074659014520145e-25,7.185211319456833e-18,1.4184043427954976e-15,1.1870257441099447e-15,5.76425735993596e-09,5.2934289000167844e-05,5.36063535391229e-12,1.3351644252439247e-09,8.437099533108571e-13,1.3718604788628637e-06,1.5399132403424893e-07,1.0825669340804728e-08,1.3140572695459485e-06,0.015025459417902268,5.026175936453283e-08,0.05620575194464195,0.18834315988542305,0.3163858121487165,0.9692724755665175,0.05749648926382201,0.7575217284557157,0.2648218061539998,0.046743136460871595,0.025641809309422788,2.4511920565351178e-05,0.2489500327264883,0.006891830703643914,0.13623731064697117,0.09286480799328255,0.06524760173306106,2.4450423486643087e-11,2.0887759084322245e-18,9.093852332412358e-26,1.1433192357267908e-11,2.3541101665313107e-09,6.087813975239635e-08,1.75464494050016e-13,6.820021933074513e-112,2.9478106817350614e-17,3.7813738845434027e-08,1.1022836055444027e-16,0.0032603615100867014,0.0004787331694591995,3.2112932706156557e-06,1.1808359500452952e-07,0.34160127318133465,5.626966570053034e-09,0.8161098700785138,0.08367520515597292,0.009544512188896915,0.00013146583558808144,0.24339721340202788,0.17810379635000698,0.5488528240819847,0.6962644776051474,0.09872604939449851,0.07067336692088008,0.08964373083626942,0.13404715165265652,0.21705677026202996,0.6974322731251192,4.148061610046709e-23,4.642482103990305e-12
0.0047565995989122326,6.1453839684950255e-06,0.20496846691092904,2.8649976147273496e-05,0.00014664613957369064,1.378042130062677e-09,8.194009116313728e-05,1.5316371923320704e-20,1.3659184293020197e-05,1.534417433855978e-10,0.0013527940071785425,4.727481137702406e-20,7.082049308482025e-06,0.0004431360834169253,0.01672580004492271,0.013361567685685865,0.41081813829010594,0.8241080335859161,0.815190274979722,0.7832726832923365,0.0005895090144728686,0.012372626285346954,1.8856816329119907e-06,0.0030648698743668693,9.614127598647327e-05,0.005018594883038323,0.00016744870433414784,0.00036219730383346807,2.8344765682143233e-06,1.217662580585696e-05,1.1559108287813335e-05,7.303971157593727e-05,0.01997214900088266,1.0907942466827847e-07,5.93999204013935e-06,4.705035879865155e-09,0.058251474514409034,3.2586844659661082e-18,9.529458137402882e-12,3.4237487749090064e-86,0.0014610426010818521,0.004205461059505692,0.239966963435566,2.5422054918435483e-10,1.5334975162084582e-08,0.010198885765511378,0.26785382514689793,3.3580756921792195e-06,0.0038417999905036404,0.04760431780362134,8.738274454229498e-08,0.010852768873458476,0.7273887829257639,0.624119350323219,0.6462670072782853,0.35105156129321147,2.9229743502144624e-05,1.7675954545848088e-05,5.891036791566569e-06,0.0005518168153887725,1.1346592565488932e-06,0.0023220295686766992,0.0059018869027850085,4.4497173986793605e-05
9.665281732102137e-13,1.2735571005701482e-06,1.77470272491705e-13,0.0002667143112436719,2.3473249380337805e-05,1.7938373513246361e-06,0.041520807180605496,0.012875763458455704,1.660694514099573e-10,0.0012093130988940202,6.659752788668545e-10,0.07212277601331907,3.3506198775212328e-18,2.046789937575482e-05,5.951230127654611e-14,6.042468027358962e-07,0.8946725542569374,0.034330410799863445,0.4483921133951879,0.11141728981478097,0.1410112582689585,7.988666933877952e-12,0.00303979326587668,2.1421272776504793e-08,0.0003428040312579098,0.0002871755145343731,8.338063103540538e-06,0.0011391764637695278,0.00023630311477362815,4.0527314977918104e-05,5.231686454271556e-05,3.887692083548803e-08,4.264483747140952e-12,1.4828353300705981e-09,4.809413489302479e-12,0.058808730917680206,2.5511989584069964e-11,3.5674336097595054e-06,2.419279535703184e-06,0.0015703500708499213,4.765556101429599e-117,0.0007268144269173344,3.7759363146048595e-09,0.03581134111505494,0.002691307182249924,2.0214771632112414e-05,7.463798436861367e-08,4.735487375949773e-05,0.002847995634470532,6.450284671404024e-07,0.003291609269159466,9.754511569510078e-07,0.767113755562869,0.012641971592867276,0.6159059364268572,0.37336282197173576,0.00042950780055090354,0.0006830333840984095,0.0002090097859958886,2.164796443992821e-05,0.001921200085550109,1.428902636706405e-05,1.975749843475559e-13,1.7682791851880682e-19
0.25652813432582394,0.49703274648619733,0.14786589535680128,0.021633915587368355,0.09131084684229668,0.9604971439574852,0.08159907520183061,0.008440534579191805,0.0015978351173764984,0.00018976679275966224,0.5852929260346078,0.09368408679451322,9.471000981875344e-08,3.2299107240836866e-06,0.7871956586109445,8.026531990825676e-07,0.05136605485717568,0.035721501411258585,0.02792449535994815,0.5356646254635415,0.02090405532891741,7.199436690112165e-12,0.10462991067692586,9.281908083506389e-10,0.00010514186716094819,0.0009091545154051921,0.07442230311238013,5.3310268130563836e-05,0.02258821431965756,0.07078545187996664,0.3733328323204036,0.024325438458539718,0.04911719000901931,0.2245715787774936,3.2100638659151925e-06,0.0004165462707894387,0.00012740709167983027,2.9328820430468204e-07,1.620053177647067e-08,3.2809218912181786e-07,3.779054101959036e-05,6.82926057489969e-122,0.00012586619721465257,0.10380005055452451,0.024976671305393595,0.001287612349178745,0.12604033344789084,0.036963946566594214,0.07488669997303915,1.1795750129643455e-09,0.617043457457453,7.704701035575687e-07,0.07831541635851237,0.08202395211873897,0.47426308637344494,0.09217467643603464,0.15578510329766077,0.01006913123467608,0.1393196388978254,2.1837658455798913e-05,0.016257541597168516,0.020533099539345016,0.36766481626710834,0.9254102475247062
3.329377706451577e-11,0.0002542365390210282,0.0003260949102803083,0.025096413324727146,2.8036842539882345e-05,0.08128895045442884,0.0013362514302655958,0.00017888868296876687,0.01310748065637395,0.8154284850944852,0.02455309258301636,0.8578657999559551,3.081656745620096e-05,0.06605982218190559,0.0001414537510109203,1.0991282743129658e-10,0.033027076139680575,0.6600390768460229,0.8833677941118838,0.7075959120358668,0.00012208943843903855,1.0104425748896599e-07,0.00010310952853536027,3.274931454309794e-13,0.00014545863708924838,0.0056366956146257155,0.09970811610016549,2.4840910637021383e-07,4.073322996027455e-10,7.293017762267387e-11,2.200810291411581e-09,1.7223044344732812e-17,0.6424265048198363,0.02785246964739626,0.4099269800958131,0.00307082712114666,4.093133522800781e-08,0.21810303633244776,0.012001241514389848,0.19513857682224134,3.6646236798026663e-06,0.00027272045447658994,7.046804798162041e-113,0.5717924730977085,0.011034829156192812,0.0031400692017495846,0.018084063863278387,4.201534041597315e-06,2.2445505808995382e-07,5.95595618326976e-05,0.024840974920027105,6.888627030091273e-12,0.030318208623224256,0.8176162778915881,0.23343536690006858,0.06137447015981601,0.7850005036096364,6.529201002929254e-10,4.6850836914438295e-09,6.85224907936477e-11,1.618561988774541e-06,0.002152720242257718,9.707603615342875e-12,1.0407832292794592e-10
1.1222417711755722e-08,9.132029313349331e-17,2.5558104349969205e-05,2.740819829287361e-12,4.36557926109444e-08,3.148084881249397e-27,3.891705326962531e-15,8.702356930271822e-31,3.381804770546693e-07,2.7645199828196643e-22,0.06279772904476084,5.833859550307503e-14,4.279851251510282e-12,1.1553282862474792e-06,0.06556274666145633,0.04879767906428258,0.7044020251953129,0.8804565883410672,0.6822124370217565,0.3874109112800074,0.002068703699925327,0.012668126686161454,0.00028861560169664323,0.01050348328264341,0.002083400327838299,0.0003596191313621505,0.0005194794613621582,0.0013794731977254124,0.0010719562516701652,0.0011174385565846157,5.4129271135711765e-05,0.023973066513505052,8.645757159131118e-06,9.455030426887421e-13,0.00010610943130576757,6.460155777860582e-19,0.016547505092614167,1.0497232336442231e-07,4.012993214301222e-09,8.77938845377818e-23,0.00035270837752879715,0.00037569226026574966,0.7665128334069691,2.2813372941797e-148,5.809349476228238e-10,0.020688350649388194,0.18787377071243813,1.1320530604510307e-16,0.010225293597141256,0.018387072817901074,0.0012200328495169095,0.0040537881001760714,0.9434641007844977,0.914289221561557,0.026258573537803902,0.17129893795023274,2.2901127154490224e-09,0.000537422023515655,0.0004146682532042176,0.0038103710808522866,0.007443269856691517,0.12099799126147175,1.1251784354683368e-08,2.2271390746463076e-05
3.845125045682274e-12,6.232535244104358e-16,1.905130000456887e-11,8.764903921371765e-09,6.5020985948049245e-09,1.0058981977358443e-12,0.237294971796766,1.8362922537201346e-19,3.780492758385474e-09,1.923479128679303e-08,0.00016527638281197096,5.6890042513818184e-15,2.0389433622330934e-22,3.756163009458025e-05,0.04005543743161903,0.0808216359386544,0.04363772685337127,0.30231265802642493,0.5651949691965212,0.7964548056090096,0.005258854851756462,0.5737593636738902,0.0004843018333591365,0.017062028221438416,0.006602846510371877,0.015806202015082062,0.031082450867560514,0.011313943187768204,0.008667419824629707,0.008061551142483614,0.004627294985672283,0.00222437929397567,1.7795012147663567e-12,5.802090141592186e-13,3.5213314189374232e-09,9.30574901966032e-13,8.047841378228946e-05,2.604882457167795e-09,2.27914966491337e-14,3.7696508018202747e-16,5.153195717138354e-10,0.0002969427993940745,0.003661391504024634,2.8871942144989938e-09,1.8780606643416524e-136,0.004670325291980261,0.8389901224780414,5.176072332120589e-06,0.0027843001288899876,0.3928655808467111,0.0006448418389818874,0.0017735789657164576,0.14550063456241222,0.24421494488647771,0.14318648356520045,0.5051928154675656,0.9801249211555051,0.004000201190737441,0.005526981292448345,0.012437969920321302,0.0012320528639624025,0.37243824810399295,5.931813218260309e-13,2.3578040564053817e-07
0.0289542269769001,0.00890648369190863,0.651815059557161,0.05483716365012206,0.08355776243838862,0.12676381105323165,0.02747196322610306,0.0033273689194702506,0.0010613606586382493,0.00020911767589927956,0.0003075271936306562,0.08844430548148309,0.0047860808212287385,0.005739095809095844,0.06964385491600182,0.0001790852927364746,0.24025912218788087,0.9261869068481833,0.0710903529963558,0.9777460805320959,0.22925462141124137,0.0048772932387763455,0.5498559820601747,9.373910947146967e-05,0.056085030861440864,5.602571273241074e-05,0.13334934310818752,0.06652819514827964,0.2877600019950828,0.44940640277462474,0.28001709561288607,0.01420772900865444,0.13306853015903564,0.01567085000685749,0.01837511177559633,0.033549343178900265,0.017860268347130497,5.9440584578910466e-05,0.0005691091368591995,0.005285563639862662,5.677193192686547e-05,3.741334511366855e-05,0.0008802717082642226,0.3217149670168514,0.003978116742212273,6.613800493180058e-130,0.002370491083770393,0.021307379029054226,0.021718436100776038,0.04351705693497644,0.4674419461044864,2.1239018187789983e-05,0.23783913358220832,0.7477332896256986,0.18627447335110264,0.6327556082008186,0.02026311752422343,0.4332124521705385,0.5784736931371457,0.12013523972202839,0.29893749964725536,0.2700966949819833,0.042759042800107255,0.009767677746252179
0.0006110499878609387,0.01120824988503832,0.011081066325099394,0.34989906906185075,0.006433734476324693,0.015063915259196852,0.011382143571833873,0.005277147240799266,0.7299587508618793,0.03963730644418536,0.002512636098242473,0.9177421802167848,0.08850657561448913,0.17948246446656083,0.01515924219106144,0.011289603346691303,0.020037095495358002,0.6648669988593425,0.8572383868238131,0.9699659908060686,0.005650765112103506,0.02758933320519222,0.00011185720100630649,0.0029354771441811806,0.5136527529997323,0.25521544225672793,0.0046381650640751676,0.12522568601566364,0.09814686120931748,0.06398950084289724,0.22864755819528404,0.0023325202469859085,0.013835525822760653,0.4516663444628104,0.1589895421321376,0.6625278847605018,1.5742443731695013e-05,0.08847227218552352,0.9513022263848535,0.8419133978244376,8.591242591221438e-05,0.532395558292565,1.3703857892932467e-10,0.7587466404470139,0.01974125898952987,0.019480706792395008,3.297074446005938e-128,0.006547121628961975,1.0021845632868099e-07,0.04818159556403667,0.00044209789457469917,6.636553965445734e-05,0.011493299957509735,0.5301712466888937,0.4632300379423274,0.3748821460135564,0.19706231100397217,0.08199959950043496,0.22464136427924453,0.162118204454033,0.05757035069211619,0.4933193994860937,5.672543710826411e-05,0.15171088208044056
5.326680203165886e-07,1.920042181573742e-15,2.1930502421150376e-08,7.004160054773799e-10,7.040262870084033e-10,3.1677384851105433e-14,0.0641809674105547,5.630619154190916e-23,7.918347739868879e-12,2.2141535424078692e-10,0.0003825490857162693,1.0919928364491453e-15,1.5235283032560622e-22,3.672996555891463e-07,0.598927797093972,0.024793866355520507,0.07574535954682501,0.3819140241845129,0.6528309213945406,0.9089739604685643,0.08023012179371114,0.00012015550000672784,2.856929836323628e-06,6.743438598879696e-07,8.631732035007536e-07,0.0001112889529497753,5.043804328731593e-06,1.9850255752156414e-08,1.6224686114948514e-06,9.26460215760363e-07,1.4685046825267141e-06,0.25629452626224053,2.0210569164708935e-10,4.4133908484908323e-10,9.878213007818171e-09,6.563967501351581e-19,0.00011938384298325033,2.0709353511593593e-11,6.835049683435963e-16,8.69105797557852e-18,6.94155385144082e-10,0.003002717196259923,0.0032977646128095253,6.469880677804442e-14,3.9600993506550516e-09,0.005560363391332698,0.22850563424817974,3.844727471870905e-147,0.05003689614650125,0.0032939619392793203,4.274493997804553e-05,4.2832419800218875e-06,0.5109059567533354,0.5446967168958253,0.05357484676568346,0.11657310567281072,0.009859538179989297,5.020193246277662e-07,2.2897693208540372e-06,1.6220745336957422e-06,1.19341820908632e-05,0.016098847583191158,9.292435422709334e-08,0.0016160851356625439
6.474738040436276e-06,0.04383618053893167,0.011469988932062972,3.806408438500601e-05,0.0024248242428754016,0.22376856149973753,0.0038195330073984343,0.00204803971178542,0.016302383229367553,0.006402838224459416,0.23901255246150246,0.14169029762718036,0.31990708919772337,0.30196682416330267,5.741916366721615e-07,5.1445688336675456e-06,0.7111470971435132,0.1135817497299849,0.40133008582932184,0.0002329574576484906,4.3432731344448664e-16,8.332964742112516e-05,0.5240882504802132,7.738265821318212e-06,0.023209399017631728,0.0003161805866790375,6.53467109951052e-07,0.00041447884398700124,0.022214618572431104,1.3277198804185464e-05,5.82805795016641e-06,2.5557719357625877e-06,0.8760305235553173,0.2603712718347371,0.004427844646292908,1.4159418508760288e-06,0.02878782232312748,0.6509920136325176,0.6225459921447911,0.0010078174378813343,0.013003939840274705,0.46942206712932333,0.0001689913244791065,0.746544159957002,0.004203082724073678,0.033063120160312695,7.065702512116857e-10,0.010920078910731768,1.3591591408432204e-126,3.733083916813395e-06,0.00121779906127073,2.9556739913349144e-06,0.3568453353560169,0.005020095068764245,0.7880185164544881,0.003680654694660793,0.0161090976047658,0.0013569624710961952,2.9345330628259985e-06,0.00039317923313722097,0.474690615368086,0.3950793831849799,3.4546912274807892e-06,0.000343425682256762
0.0023272804667992947,0.004063140493044372,0.09227277541367422,0.09087155107330533,0.010012491574688287,0.007993865469142675,0.055143576434768894,0.053539912843979694,0.46110909231993225,0.20158390744597668,0.5016579096687561,0.001542647624887778,0.05433223856924862,0.3555382076445236,0.3777115277926518,4.6638556525584e-06,0.00433016506294296,0.11611028379844886,0.05795267302520566,0.14636717470960828,2.1806370968144235e-08,7.410882976685721e-06,0.005634741530188385,0.02174605756673406,0.00012142841274811421,6.28959711566397e-07,5.298114534232825e-07,2.3189955681692653e-06,0.056688633843475986,0.012031188554102285,0.002988609200264234,0.0018455219764006382,0.17012899856521277,0.003943131737659436,0.0076836155443442775,0.09230753163436879,0.8238660343125356,0.9625777314984928,0.5237240426604035,0.04784887242323636,0.01083354861510001,0.21325065840510146,0.002114448751955985,0.11698644966287296,0.3320833895922167,0.2083676115200258,0.0020665039548030148,0.0008314333004137346,7.101802910890439e-09,5.2274897901424966e-135,9.680748071381962e-05,0.0788195711777875,0.001156816670304582,0.06756097932053386,0.12733002326321566,0.123576334892061,0.46103057202542297,0.019961163938826104,0.0023229191173831294,0.025134145889302434,0.026509728874434882,0.49856756118546974,0.0029217546689635377,0.007059247644620405
8.863123721947965e-05,6.554199653307024e-06,0.6078430432779385,1.446223303290699e-05,0.00043251645134422,0.005942077305476246,0.018329170353918973,0.0008123394893124233,0.1951317135898525,4.6446291268570456e-05,0.1944713381846044,0.005943925230370234,0.9522391987150972,0.9278966543239626,0.0004647630630636739,0.17740255297305396,0.2647291540367608,0.9678786421000697,0.8595618721039895,0.028251544819531092,0.010639508289771315,1.3463053097977797e-06,4.824461994069309e-10,0.00013783487915213643,0.2334298694119179,0.00017053787700138155,1.3515074957198068e-11,0.32782210390967076,2.5352790880830004e-05,4.5622597095293025e-08,2.9297259037523493e-12,0.0008476459664896642,0.12350465635791505,7.021800324961679e-07,0.585007077107111,4.809773368533506e-08,0.19613826127230563,0.20621697127746974,0.010945567632357574,4.908073018383285e-06,0.0005748575733354015,0.6842444325618127,0.0010767885932602894,0.06500314588413611,0.0053137798553874495,0.2915980176878404,6.360686669811765e-09,0.0007130358198045268,6.385177170164287e-10,7.1531049654415145e-06,4.4195080842145954e-141,0.0037837733539796544,0.08429951043319185,0.8277300979634394,0.07888984529727076,0.04319216426333173,0.004149834405722952,0.002626509019354903,7.676963886417342e-07,0.008720422290914081,0.0001612113105677424,0.000573733134198527,0.00012273123076856057,0.0018914618057957753
0.00011268031316686775,0.00012885628079289805,0.44906264461843304,0.010588948030152121,0.0002898509315901764,0.00026500032605894627,7.379381023854259e-05,0.07373816123358429,0.0009573991274615345,0.0014244089817638179,0.46674044383217206,0.011925984407319689,0.8739306466150972,0.11083796643369356,0.008646148901377656,0.0001053150575995643,0.04187250878598423,0.4973862820816949,0.01621014531483672,0.16400701796581518,2.833557486183046e-06,3.3867348965270234e-10,0.002145881441373015,0.00014197642355825852,8.626745117454428e-05,5.2492108207925475e-14,1.8411724251835957e-09,8.035410644951044e-08,0.027499959210388003,1.7339277723446996e-06,1.2413390620163074e-07,0.0005502718562158443,0.30482148656807734,0.00024192296860265993,0.0009473958724187836,0.008752520876040124,0.24777518982547653,0.9471108863651367,0.021625647927930994,0.006471692222977261,0.008354321695626409,0.15220249032356395,1.1485249875215428e-05,0.05438729818899923,0.00011323468797256095,0.003508006033674668,3.9732340700724746e-07,6.679139702623023e-06,5.482017841831564e-09,1.8522874378023123e-10,3.057066259180456e-05,1.9033473182940068e-149,0.012193384747315213,0.3672398503973144,0.0647679976966729,0.0021575700772341858,0.002247808900401619,0.01317612502714864,1.3196102419544262e-06,0.17357802015929155,0.32800922908629065,0.3125471233360711,0.00026459822565105416,0.0017148896957038637
0.4123505561187103,0.9613880856266784,0.003021093288485788,0.964773118419505,0.5293782077304398,0.8882623399803081,0.9695586431076972,0.11860994336622074,0.047940534469007444,0.7425220448577456,0.20509257170766498,0.049368373908259044,0.9242945687558185,0.8107542364172123,0.011448185322771975,0.17133279741527013,0.18118337201447704,0.243346717366624,0.07442793966967867,0.017426339092437227,8.096123468769166e-05,0.1857066111593658,0.01107558765607121,0.9179981632609677,0.3374431988885188,0.2588084445483648,0.03484924324278491,0.32650959845030014,0.02864305754750599,0.028152597479085696,0.005656021080835341,0.5779561331768825,0.09421148320052004,0.9625307426745005,0.0556675695772993,0.12706501207407706,0.04761800533086981,0.9437856168551034,0.9562319092495791,0.8982157876725925,0.3141914042061008,0.920864413342331,0.0006536243409750577,0.568145872598385,0.2802615201524721,0.912172315876525,0.04123160389851461,0.8465777880440084,1.3071901392711104e-05,0.9076832585291217,0.024449768436511667,0.8861924167673098,0.00020104024594660825,0.002699156404038397,0.0026909528519111475,1.0508965920245888e-07,0.04512612544929207,0.00802986092590234,0.01139148283997127,0.4383088998082152,0.02201604909351384,0.15103483673347948,0.31191033984469874,0.008238183039152937
0.17720936653634162,0.016542020738434658,0.2689570220851273,0.11592835985309906,0.48678260772748505,0.318989172643242,0.7133711229129633,0.5477192736708534,0.07366582516095879,0.03371285842187908,0.6733384780526053,0.198888552441319,0.5949602468535341,0.04352481484858206,0.025662578047562157,0.04131557206649143,0.49549782905256545,0.05289861060095351,0.2129096902795077,0.48278420713970693,0.03336224705156099,0.001634267419213512,0.6918630368677059,0.028490511040340824,0.6327790894990364,0.4373993855642192,0.9507631875622266,0.6098988999676046,0.7694320739826576,0.33578896785402884,0.8011541690578635,0.025938386394340915,0.1773086967591531,0.00013666804035706968,0.022275551407804742,0.11726139962986022,0.19109916387528392,0.008338729699572245,0.18485173567982205,0.24125382106114224,0.3769845638302568,0.00036327338991419555,0.3349408204869404,0.5281200926127516,0.6400869248654298,0.03168219284868724,0.0831230452808016,0.6239953598375683,0.6160609676491818,0.00027801297385887154,0.8674839216463535,0.0018323966158966891,0.09551001010066178,0.20466050773212793,0.19931672459883387,0.12427743741929555,0.21173916929872233,0.7576973268719207,0.4042531166101153,0.07268950714241004,0.8809948052219025,0.8734101929466107,0.17237348100377484,0.008158766224220758
0.08320633115308605,0.011190625808960481,0.017140381749323225,0.028403660416381572,0.006812320628430841,6.115554923615942e-05,0.012692361345054621,0.016181290286450142,0.3042334845334488,0.004438236887349657,0.9914131914215883,0.0019095247239379499,0.8835573133935414,0.7204936112220751,0.9814904347629655,0.33230197463860406,0.10869507181195064,0.5848295796095899,0.4153012368280068,0.8213416375289235,0.16687766020448716,0.4699429516689919,0.061779395635550155,0.28833177810492977,0.08316066390398578,0.033592509116995795,0.00324753331367154,0.048082823441348906,0.12532243785800587,0.06280993661101898,0.08371006611892857,0.1690505152029864,0.011070976463039795,0.007789222070544565,0.3821561463441603,0.07659154299765006,0.5927001468640145,0.29724489403318727,0.04751731537398331,0.012949026523608222,0.8244306162525695,0.7666740686633617,0.8794564615234456,0.0006223978171511662,0.0138218453120974,0.0235639230898079,0.25019794875104,0.00637864776410831,0.3973360838643095,0.6451441282327308,0.004552314302496245,0.04876430161054894,0.14275443175122923,0.5681817607724728,0.0015256023672607522,0.30590050183946355,0.0471652000023257,0.26404543555906557,0.08312979713441022,0.3688847088620067,0.3068656611995322,0.1205148576292113,0.06720501880513872,0.18485131389236964
0.04608247626853277,0.35856601471281246,0.17802466571367734,0.10298122333019197,0.002950185904759405,0.00011891950764008489,0.004465784457134644,0.15487044645329337,0.5674068450355856,0.1786896133051203,0.5233640469183032,0.025616243698796493,0.7568113451686074,0.5631449939804918,0.4385992875107414,0.5501023228538208,0.7855922108833474,0.028700728592075002,0.10488000594806542,0.0020333942063382455,0.18043598018203003,0.006705028765829474,0.002471323021917035,0.014422297546886358,0.354996583861556,0.08646967450093469,0.1030405310111452,0.02937343972997298,0.04128818168085579,0.0021073536327194382,0.004977370964537659,0.7876993343681062,0.03898652351377826,0.015555828601774757,0.4167193024643576,0.21432379861095927,0.7960917984378154,0.36666835013780646,0.7598643880422478,0.262591625825893,0.021796367903122758,0.6604669081295779,0.4905918568388501,0.010283860356179064,0.01349419317273768,0.05125832039106083,0.008753133465671801,0.001533552693687431,0.05313791163222309,0.009504213165984937,1.3647644367472149e-05,0.019063366044540637,0.46214990959431557,0.10717996519045456,0.04450008967674642,0.08996200623843716,0.1884619418154552,0.12168172532996599,0.00693049325809594,0.22516746258784237,0.299028431483994,0.3179488754271162,0.07167834474690113,0.7747268700180411
2.579888114406007e-10,7.562359835852604e-14,2.238303687135529e-06,2.524996609969253e-12,1.5567389777073547e-07,5.085004158562783e-17,3.422777472703835e-10,7.0589705359645e-26,0.0001301432921099252,6.513254809737942e-16,0.006814029844221261,1.0526050986123747e-20,1.175040349655168e-08,2.9610763416478402e-05,0.16154559677893646,0.01458496041371811,0.2807442228710211,0.7248194826735918,0.12221095518258535,0.43985763888102103,0.1177318444881643,0.04278569946796092,0.0133937153787808,0.0075347340070394675,1.3602308149010396e-06,6.583672265016623e-07,4.283890242288695e-05,1.4927417109911292e-05,0.01273466046901336,0.002564618893608205,0.00037570434693233836,0.000393362049254333,5.275759098454308e-07,4.808914660907506e-14,0.0001894230520528805,1.2135100027767027e-17,0.05067069774241214,2.042264825195856e-06,2.429390993876853e-07,9.57674638040419e-20,0.0005967518461338004,0.00026815184617240217,0.6471027684111996,1.7758960977392959e-07,8.676750858823382e-07,0.0007441632268316508,0.07268670869347901,5.607781149145713e-11,0.0013544379099949815,0.008571333208343654,1.7452084964771274e-05,0.0006761432915672057,0.7738048100480653,0.6842522443954315,0.03722966926857347,0.0724479434330014,3.308579371933756e-144,0.0013354214794886222,0.0005826405603081219,0.002023071663619605,0.008489958142217898,0.9933206016565047,1.0663181350505254e-10,2.081674429830888e-05
6.388800116979109e-06,4.125259423532077e-06,0.012672168092880584,0.00010690291896697267,2.7272572548981095e-05,2.3688650700307373e-09,0.00020176641206924958,3.274375793301382e-06,0.058143558572030705,2.8150997540674472e-06,0.5706564459158459,7.0333295990284116e-06,0.5132637889068159,0.4653743268896299,0.5862784013669302,0.027259139181987687,0.528007048539233,0.7855022161785554,0.14916476633292342,0.05437340257878159,5.842333146396483e-06,2.8051115557283876e-09,0.000180977380668274,5.6043185588092087e-05,1.2131165384903425e-16,3.568842140162067e-08,1.3657333868194143e-16,1.4824297222891299e-30,2.511103297061002e-09,1.4352935687759958e-15,2.4117523260739373e-16,4.097370046588711e-05,0.04778693092133254,2.5911502393334863e-07,2.7958976003376925e-06,1.6909773436450232e-07,0.06689213125285681,0.12368289291438819,0.01610264463388806,5.804255908851802e-07,0.0007484196576162877,0.20778939706296726,0.004050133512005925,0.0013548443181887158,0.0007185131189109297,0.15627872256564884,0.0043160942561064125,1.577122149237945e-07,1.1220096374457389e-10,1.0360042014982074e-07,1.0507191502259154e-08,0.00014917242891910047,0.1360171232096525,0.4473720696697574,0.0026047224924259705,0.00022458114052890883,0.006036560474410488,3.9329038982700927e-150,3.937246181214037e-06,0.586085685641091,0.10332780106632564,9.902285944512206e-05,6.8985762253151775e-06,0.0581729208237148
0.00019558973320797003,0.0004857677098433442,0.04493120038125951,0.007411450578060226,0.0012420773761492498,2.92744264117786e-07,0.003361312161424955,0.0009061358429067107,0.16809109443001585,8.366721559931798e-05,0.911047873290564,0.0009359463700668319,0.6882970826622102,0.3143774948552326,0.21321459179256283,0.029802810924666485,0.3835225851739308,0.7734472693482727,0.17558352704280544,0.06819968851751133,5.3409169199141795e-05,6.948805556202203e-05,0.1851534874054132,0.06880034209980444,5.555508112292782e-13,1.7439072901212825e-06,3.7016688949005716e-16,3.447512916410988e-22,1.1856005496681559e-07,1.0588992702405253e-22,2.225630407427867e-19,0.0001715253317278215,0.3265173872532022,7.594109438740189e-05,5.948492759009397e-05,4.04504809102061e-05,0.034194808231379055,0.6046516472239374,0.12131707276075333,0.0002362669848541474,5.889666504251415e-05,0.517572539317037,0.0004757231486722016,0.029006722860702043,0.006828766778329373,0.04127714055020111,0.00020033986881189863,5.020341246737498e-06,3.437474889387413e-11,9.559925709728623e-06,1.1257024482773602e-06,0.055872769599088934,0.053327263442175574,0.36030573659120824,0.01321741236448182,0.0016299089926321317,0.05566626559009814,1.5827568965332906e-05,4.988601579409672e-140,0.0912096302883435,0.005967797294815595,0.006372209619701077,0.00013770942441336618,0.1990218712551052
3.439795146791204e-05,3.0302942474180105e-05,0.018681071090707276,9.674839013861682e-05,1.681034749973447e-05,9.365226633206065e-09,7.79630631994072e-05,9.085627612351902e-06,0.02863880084063901,7.377075013332688e-06,0.5552656178583445,2.2218407046143044e-05,0.39063266083982773,0.39147635249042056,0.566130443260703,0.018588761845514504,0.2360339686958943,0.4285264628059362,0.13388967458943346,0.16134305812701513,3.525932534619128e-06,7.59958527911069e-19,0.001809486216731082,2.7329485383941224e-12,1.2732908198882739e-16,2.8690906075626114e-10,1.3642580220636653e-13,1.4590012359734447e-24,0.002539329841448114,1.1856751671220742e-08,7.425533323804249e-09,0.0002580866509401174,0.044552324629532326,5.570765211804264e-07,4.4872241693258645e-06,1.933539461108639e-06,0.06479983730875845,0.20229452746226836,0.07406417282245026,4.599224018009548e-06,0.001037955407368408,0.17395226806730704,0.0012881935319178943,0.0022838629537902653,0.00031188084359406337,0.17296899029408272,0.008158607195125737,9.040639058029646e-08,6.449733364194899e-10,1.0481815329388739e-09,2.4478639814721497e-06,2.602804235400596e-05,0.06108775633982207,0.3712023856678597,0.002855244385994313,0.0002030529972920138,0.0011393427840729082,0.1452885999433069,0.00020650875565207056,6.967247229625065e-149,0.43577877347460636,2.5345923605344597e-06,5.382847494748457e-05,0.0771921374105385
1.4222776693365485e-06,1.0622431607025103e-06,0.09650777515341553,3.4405929959574474e-08,1.8477632430583454e-05,1.0793708575988802e-08,6.160383352063805e-05,6.1238842059731335e-09,0.011835782182323281,1.879528837660515e-08,0.6176609928953904,2.5869872415338997e-08,0.46057530990859696,0.6883620755424906,0.10221641932181294,0.016998518843965634,0.5776974703925821,0.627043186950289,0.14815653433318512,0.008943479448075775,1.8853766147280044e-08,8.875800906173264e-09,1.602990258824915e-11,4.922119145653794e-05,2.009015688779516e-17,4.2529907514735336e-07,2.3858336979918403e-16,6.8042304045713634e-15,3.668580274803113e-08,4.678318800726264e-09,9.365601082973858e-13,0.00027188602476031684,0.01755895803924692,4.5169901023455025e-10,0.0004808974084108561,3.019939049003179e-11,0.09013765456042283,0.016848218333233255,0.011561029143784185,6.253599664411685e-10,0.0007498697461353157,0.019217091524901062,0.014868388457406637,0.0023171579752109244,4.868542134096061e-05,0.3063401695658933,4.932371896594049e-05,3.272047173246172e-07,2.3800066901419467e-13,9.978541702305638e-08,1.3899772540034667e-11,6.123155156024954e-05,0.08771028092689437,0.29765070254786574,0.014960535598653837,0.00016193839846750238,3.054110220896137e-05,0.00014231461506948283,1.3740905369848569e-08,0.005441142382842665,1.3845814936462863e-162,2.4534065532530477e-06,5.7953160002206375e-06,0.01863896429522873
0.005926069107270008,0.0036783563102900574,0.7292606147387232,7.678441182378826e-07,0.0008416962298742693,3.552478108218521e-07,8.328709901112706e-06,1.0759797857289067e-08,0.0041189350411206015,8.798152622948664e-08,0.5710395945066498,9.043145358441352e-08,0.286408474686005,0.9590528147663403,0.027133533170699282,0.13473987989221797,0.2589227167439112,0.15997623067674802,0.04894945665875961,0.022380090561717383,1.340584918196248e-10,1.2854052702964778e-11,2.873701744383502e-06,4.6987593134871435e-05,1.8831807267244422e-12,1.46521713334648e-08,2.234092221750205e-11,8.812110552297008e-13,0.00016719242919856605,3.820813699298325e-08,2.81062569121218e-09,0.27131940277205663,0.28277669704140823,1.7187558255473858e-06,0.0007896380384341145,3.084338289303935e-09,0.023927685430956306,0.0685887732854185,0.34219325471583817,4.054285262256969e-07,0.0003984575551081153,0.048192038824745785,0.004095419772040623,0.010948115854339037,1.1045806996720533e-05,0.2752756834713766,7.889438114951622e-06,4.8076352738329975e-06,8.24827705443212e-17,3.1829395429313526e-07,1.0273212561623229e-08,5.079779235186645e-05,0.011430802226892939,0.020583619279106877,0.05926217252151616,0.00025023753399214667,1.3952041927546998e-05,0.0034631634389261827,1.8187547985384552e-07,0.006578581684176033,0.060051309848982264,2.6501447486362763e-149,0.013234182549936855,0.5279670501580448
0.002033265468157617,6.2788563353776024e-09,2.50730002236079e-12,8.321604521967769e-07,0.02451192856910512,1.4598381954356187e-10,0.04341526838021311,1.2131221797908156e-14,4.476298581173605e-14,3.3380457538481666e-10,2.3275079442158466e-06,3.4831419866844527e-07,7.450644889759669e-17,1.10041696927334e-05,0.000452828019653549,1.696167674514378e-09,0.05505055722230904,0.3164812437829926,0.7011000601009716,0.8300350237849901,0.071251923288879,0.03980269778640961,2.5889447855621877e-06,0.00039906207550679986,7.998552060526292e-08,0.00028643874950179025,6.535158876168773e-06,2.187274029154409e-09,7.90220145480624e-06,2.50320259876508e-05,2.5004586220154477e-05,0.009878527779221668,2.1549846944087676e-29,4.0472761210153244e-18,2.351351991392214e-18,1.0010037090924066e-12,1.3246701741174123e-10,3.0217025587704697e-16,9.3278210079195e-20,1.9969485974420064e-11,1.1018301054107688e-13,0.00016328988854118844,3.699758968453297e-11,0.0026012929019323307,1.5983931657113723e-07,0.03763283696524619,2.2522724313590536e-05,0.05250501581149521,0.0003790829979450534,0.08658177367752473,0.00018165699072434887,0.0011547549945376378,0.14373797294328805,0.300280689469431,0.43087190006449627,0.46384858060295875,0.010508226853939522,2.1054061759085177e-07,2.3832321942003025e-06,3.8832784708760655e-05,1.375186948485081e-05,0.03213315526033228,1.1923011356504995e-132,4.4783263932084e-06
0.033567510721371534,0.16794588630699636,2.3228890467561414e-07,0.018071527002468054,0.8217034363347411,4.414952317774314e-05,0.014054537233145384,1.8379713016389112e-09,5.83700094920301e-11,0.00032146844916967996,4.8732283371531125e-09,0.001803435922778206,6.946260276442967e-14,0.000321438384490233,0.04129723451088088,1.3081172307427332e-07,0.09636850123996774,0.1806440906502707,0.4054294169370283,0.26726119619625865,0.38536097153873206,0.020623745553484063,1.3743525306759186e-07,5.698262635136569e-05,8.863090358990779e-07,0.0002557685344643782,0.0005075200681593983,1.7299543403699353e-08,6.207523417944811e-05,0.0006633632997869448,0.0038389303550444074,4.660755036355659e-05,8.243658991679984e-09,0.00014643461493666545,2.9147420261543005e-15,1.3106595946689006e-06,1.0636031118020117e-15,5.390911587593725e-09,5.0789794090816294e-05,0.0003750467682367966,1.3343376355158297e-19,0.004451703863363527,4.636237437090874e-11,0.0018766865919455542,0.0016094243326851075,0.06946669460729944,0.06456175707067931,0.009338024711509673,0.0002729276664889155,0.12363818088735117,2.8664747498036015e-05,0.0001379167268396149,0.027394940633593576,0.10036485434378882,0.7394362735945197,0.9469802439701911,0.012280213087305461,5.859526916190164e-05,0.0008879883997071508,0.001089606550189137,3.661605710094677e-05,0.07598673323211982,0.0022036283477894826,2.3462961767374723e-119
